row_id,pair_id,archetype,difficulty,task,renderer,prompt,model,raw_response,parsed_answer,score,secondary_scores,tool_calls,tool_call_log,elapsed_sec,error
0,contiguity_med_00,contiguity,med,identify,v2_no_markers,multimodal_full,openai_vlm_tools:gpt-5.4,"
{""split_sites"":[{""index"":1,""reason"":""Same color appears in central-east around (6.0,4.3) and separate tiny sliver near (7.6,3.3); assignments show precincts 25 and 32 both to site 1, non-adjacent in precinct graph.""},{""index"":11,""reason"":""Purple area splits into main east-central patch and isolated northeast patch near (9.6,6.9); precincts 26/49/58/61 connect, but precincts 36/53 are separate, all assigned to site 11.""},{""index"":19,""reason"":""Magenta appears in far northeast and separate top-center patch; precincts 38/47/55/63/68 assigned to site 19, with 68 disconnected from the others in adjacency.""},{""index"":28,""reason"":""Gray service area shows central-west patch near (2.9,5.5) and separate north-central island near (3.3,7.0); precincts 7/50/57 to site 28, with 50 disconnected from 7/57.""},{""index"":35,""reason"":""Yellow region on east side has a detached small wedge near (7.8,3.0); precincts 27/29/30/33/37 assigned to site 35, and precinct 33 is disconnected from the rest.""}]}","{""split_sites"": [1, 11, 19, 28, 35], ""reasons"": {""1"": ""Same color appears in central-east around (6.0,4.3) and separate tiny sliver near (7.6,3.3); assignments show precincts 25 and 32 both to site 1, non-adjacent in precinct graph."", ""11"": ""Purple area splits into main east-central patch and isolated northeast patch near (9.6,6.9); precincts 26/49/58/61 connect, but precincts 36/53 are separate, all assigned to site 11."", ""19"": ""Magenta appears in far northeast and separate top-center patch; precincts 38/47/55/63/68 assigned to site 19, with 68 disconnected from the others in adjacency."", ""28"": ""Gray service area shows central-west patch near (2.9,5.5) and separate north-central island near (3.3,7.0); precincts 7/50/57 to site 28, with 50 disconnected from 7/57."", ""35"": ""Yellow region on east side has a detached small wedge near (7.8,3.0); precincts 27/29/30/33/37 assigned to site 35, and precinct 33 is disconnected from the rest.""}}",0.2857,"{""pred_size"": 5.0, ""truth_size"": 2.0, ""fp_count"": 4.0, ""fn_count"": 1.0, ""tp_count"": 1.0, ""precision"": 0.2, ""recall"": 0.5}",3,"[{""name"": ""list_sites"", ""arguments"": ""{\""opened_only\"": true}"", ""result_preview"": ""[{\""index\"": 1, \""x\"": 6.349048792459781, \""y\"": 4.6, \""type\"": \""library\"", \""capacity\"": 3000, \""opened\"": true, \""load\"": 2608}, {\""index\"": 2, \""x\"": 5.020830016486594, \""y\"": 2.5563277910640263, \""type\"": \""church\"", \""cap""}, {""name"": ""get_current_assignments"", ""arguments"": ""{}"", ""result_preview"": ""{\""n_precincts\"": 80, \""n_returned\"": 80, \""assignments\"": [{\""precinct\"": 0, \""x\"": 3.4718580046763354, \""y\"": 2.4730335482037518, \""voters\"": 750, \""assigned_site\"": 8, \""assigned_distance\"": 1.0030949021389164, \""wei""}, {""name"": ""get_precinct_adjacency"", ""arguments"": ""{}"", ""result_preview"": ""{\""n_precincts\"": 80, \""neighbors\"": [[1, 2, 3, 6, 9, 17, 20], [0, 5, 6, 9, 10, 73], [0, 9, 10, 20, 70, 77], [0, 6, 7, 8, 11, 12, 17], [5, 8, 73, 78, 79], [1, 4, 6, 8, 11, 73], [0, 1, 3, 5, 11], [3, 8, 12""}]",11.108,
1,contiguity_med_01,contiguity,med,identify,v2_no_markers,multimodal_full,openai_vlm_tools:gpt-5.4,"
{""split_sites"":[{""index"":3,""reason"":""Same color appears in east-central patch (~8.3,3.0) and separate bottom-right patch (~9.2,2.2); assignments show site 3 serves precincts 29/31/32 and disconnected 71/74.""},{""index"":6,""reason"":""Large west-central area plus isolated lower-left strip (~0.6,3.7). Assignments put precinct 77 with site 6, but its same-site neighbors connect only through site-1 precincts 68/69/75.""},{""index"":16,""reason"":""Left-side color appears in main northwest block (~0.7,6.4) and detached mid-left piece (~0.7,4.8); assignments show site 16 serves precincts 35/36 and separate 76.""},{""index"":31,""reason"":""Small cyan service area split between south-central-bottom (~6.7,0.7) and tiny east-central island (~7.7,2.7); assignments show site 31 serves precincts 78/79 and separate 28.""},{""index"":39,""reason"":""Bottom-center color appears in main south band (~4.3,0.7) and detached small patch near (~4.6,2.3); assignments show site 39 serves precincts 19/67/70 and separate 13.""}]}","{""split_sites"": [3, 6, 16, 31, 39], ""reasons"": {""3"": ""Same color appears in east-central patch (~8.3,3.0) and separate bottom-right patch (~9.2,2.2); assignments show site 3 serves precincts 29/31/32 and disconnected 71/74."", ""6"": ""Large west-central area plus isolated lower-left strip (~0.6,3.7). Assignments put precinct 77 with site 6, but its same-site neighbors connect only through site-1 precincts 68/69/75."", ""16"": ""Left-side color appears in main northwest block (~0.7,6.4) and detached mid-left piece (~0.7,4.8); assignments show site 16 serves precincts 35/36 and separate 76."", ""31"": ""Small cyan service area split between south-central-bottom (~6.7,0.7) and tiny east-central island (~7.7,2.7); assignments show site 31 serves precincts 78/79 and separate 28."", ""39"": ""Bottom-center color appears in main south band (~4.3,0.7) and detached small patch near (~4.6,2.3); assignments show site 39 serves precincts 19/67/70 and separate 13.""}}",0.2500,"{""pred_size"": 5.0, ""truth_size"": 3.0, ""fp_count"": 4.0, ""fn_count"": 2.0, ""tp_count"": 1.0, ""precision"": 0.2, ""recall"": 0.3333333333333333}",3,"[{""name"": ""list_sites"", ""arguments"": ""{\""opened_only\"": true}"", ""result_preview"": ""[{\""index\"": 0, \""x\"": 9.470858566093472, \""y\"": 4.6, \""type\"": \""community_center\"", \""capacity\"": 4000, \""opened\"": true, \""load\"": 3472}, {\""index\"": 1, \""x\"": 1.9709078338491113, \""y\"": 0.4, \""type\"": \""school\"", \""capacity""}, {""name"": ""get_precinct_adjacency"", ""arguments"": ""{}"", ""result_preview"": ""{\""n_precincts\"": 80, \""neighbors\"": [[1, 4, 5, 6, 10, 11], [0, 5, 8, 11], [3, 5, 6, 7, 8, 9], [2, 7, 9, 16, 38], [0, 10, 11, 69, 75], [0, 1, 2, 6, 8], [0, 2, 5, 7, 10, 22], [2, 3, 6, 16, 21, 22], [1, 2, ""}, {""name"": ""get_current_assignments"", ""arguments"": ""{}"", ""result_preview"": ""{\""n_precincts\"": 80, \""n_returned\"": 80, \""assignments\"": [{\""precinct\"": 0, \""x\"": 2.552516681769503, \""y\"": 2.507620067550872, \""voters\"": 281, \""assigned_site\"": 2, \""assigned_distance\"": 1.0631050695406399, \""weigh""}]",12.089,
2,contiguity_med_02,contiguity,med,identify,v2_no_markers,multimodal_full,openai_vlm_tools:gpt-5.4,"{""split_sites"":[]}","{""split_sites"": [], ""reasons"": {}}",0.0000,"{""pred_size"": 0.0, ""truth_size"": 1.0, ""fp_count"": 0.0, ""fn_count"": 1.0, ""tp_count"": 0.0, ""precision"": 0.0, ""recall"": 0.0}",4,"[{""name"": ""list_sites"", ""arguments"": ""{\""opened_only\"": true}"", ""result_preview"": ""[{\""index\"": 1, \""x\"": 7.991070668320852, \""y\"": 3.3547876691596543, \""type\"": \""church\"", \""capacity\"": 3500, \""opened\"": true, \""load\"": 2999}, {\""index\"": 2, \""x\"": 5.895061094620223, \""y\"": 1.235360890349781, \""type\"": \""""}, {""name"": ""get_current_assignments"", ""arguments"": ""{}"", ""result_preview"": ""{\""n_precincts\"": 80, \""n_returned\"": 80, \""assignments\"": [{\""precinct\"": 0, \""x\"": 4.303656726152392, \""y\"": 3.747228105918993, \""voters\"": 1787, \""assigned_site\"": 3, \""assigned_distance\"": 1.7199707753570337, \""weig""}, {""name"": ""get_precinct_adjacency"", ""arguments"": ""{}"", ""result_preview"": ""{\""n_precincts\"": 80, \""neighbors\"": [[2, 9, 13, 14, 18, 34, 58], [2, 5, 6, 7, 9, 11, 73], [0, 1, 9, 38, 58, 73], [8, 10, 70, 72], [5, 10, 11, 67, 70], [1, 4, 7, 10, 11], [1, 7, 8, 9, 13, 17], [1, 5, 6, 8""}, {""name"": ""get_precinct_centroids"", ""arguments"": ""{}"", ""result_preview"": ""{\""n_precincts\"": 80, \""n_returned\"": 80, \""centroids\"": [{\""precinct\"": 0, \""x\"": 4.303656726152392, \""y\"": 3.747228105918993, \""voters\"": 1787}, {\""precinct\"": 1, \""x\"": 2.151473982289293, \""y\"": 3.3676525952236704, \""v""}]",7.819,
3,contiguity_med_03,contiguity,med,identify,v2_no_markers,multimodal_full,openai_vlm_tools:gpt-5.4,"
{""split_sites"":[{""index"":16,""reason"":""Brown area appears in two northwest patches, around top-left edge and upper-left center. Assignments split: precincts {42,46,51,54,56,61,65,75}; adjacency isolates 61 from the others.""},{""index"":19,""reason"":""Magenta area appears northeast-center and far-right mid patches. Assignments {28,31,45,50,52,74,78}; adjacency shows {31,50,78} separated from {28,45,52,74}.""},{""index"":23,""reason"":""Pink area appears as top-right block and separate lower-right strip near y≈6.5. Assignments {34,36,38,40,41,62,66,67,74}; adjacency isolates 74 from the upper cluster.""},{""index"":24,""reason"":""Gray area appears at top-center and a separate central patch near x≈5,y≈5.5. Assignments {53,55,61,64}; adjacency isolates precinct 61 from {53,55,64}.""},{""index"":29,""reason"":""Olive area appears upper-center plus a separate small patch near x≈5.2,y≈7.3. Assignments {35,37,43,44,49,63}; adjacency isolates precinct 35 from the other five.""},{""index"":34,""reason"":""Pale yellow area appears southeast block and separate east-central strip near x≈9.5,y≈3.7. Assignments {23,33,69,70,72}; adjacency isolates precinct 72 from {23,33,69,70}.""},{""index"":39,""reason"":""Light blue area appears southwest strip and separate left-center wedge around y≈3.9. Assignments {2,4,11,39,57,68,71,77}; adjacency isolates precinct 11 from the rest.""}]}","{""split_sites"": [16, 19, 23, 24, 29, 34, 39], ""reasons"": {""16"": ""Brown area appears in two northwest patches, around top-left edge and upper-left center. Assignments split: precincts {42,46,51,54,56,61,65,75}; adjacency isolates 61 from the others."", ""19"": ""Magenta area appears northeast-center and far-right mid patches. Assignments {28,31,45,50,52,74,78}; adjacency shows {31,50,78} separated from {28,45,52,74}."", ""23"": ""Pink area appears as top-right block and separate lower-right strip near y\u22486.5. Assignments {34,36,38,40,41,62,66,67,74}; adjacency isolates 74 from the upper cluster."", ""24"": ""Gray area appears at top-center and a separate central patch near x\u22485,y\u22485.5. Assignments {53,55,61,64}; adjacency isolates precinct 61 from {53,55,64}."", ""29"": ""Olive area appears upper-center plus a separate small patch near x\u22485.2,y\u22487.3. Assignments {35,37,43,44,49,63}; adjacency isolates precinct 35 from the other five."", ""34"": ""Pale yellow area appears southeast block and separate east-central strip near x\u22489.5,y\u22483.7. Assignments {23,33,69,70,72}; adjacency isolates precinct 72 from {23,33,69,70}."", ""39"": ""Light blue area appears southwest strip and separate left-center wedge around y\u22483.9. Assignments {2,4,11,39,57,68,71,77}; adjacency isolates precinct 11 from the rest.""}}",0.1818,"{""pred_size"": 7.0, ""truth_size"": 4.0, ""fp_count"": 6.0, ""fn_count"": 3.0, ""tp_count"": 1.0, ""precision"": 0.14285714285714285, ""recall"": 0.25}",4,"[{""name"": ""get_current_assignments"", ""arguments"": ""{}"", ""result_preview"": ""{\""n_precincts\"": 80, \""n_returned\"": 80, \""assignments\"": [{\""precinct\"": 0, \""x\"": 1.6946323312062042, \""y\"": 2.835805324198845, \""voters\"": 595, \""assigned_site\"": 0, \""assigned_distance\"": 2.1135481150027253, \""weig""}, {""name"": ""get_precinct_adjacency"", ""arguments"": ""{}"", ""result_preview"": ""{\""n_precincts\"": 80, \""neighbors\"": [[1, 2, 3, 4, 7, 9, 11], [0, 3, 6, 7, 8, 22], [0, 7, 9], [0, 1, 5, 8, 11], [0, 9, 11, 71, 73], [3, 8, 10, 11, 47, 57, 59], [1, 7, 9, 14, 16, 22], [0, 1, 2, 6], [1, 3, ""}, {""name"": ""list_sites"", ""arguments"": ""{\""opened_only\"": true}"", ""result_preview"": ""[{\""index\"": 0, \""x\"": 1.0923329891512046, \""y\"": 0.809892903339619, \""type\"": \""library\"", \""capacity\"": 1350, \""opened\"": true, \""load\"": 1096}, {\""index\"": 1, \""x\"": 3.7035727007527997, \""y\"": 1.8187936480905866, \""type\""""}, {""name"": ""get_precinct_centroids"", ""arguments"": ""{}"", ""result_preview"": ""{\""n_precincts\"": 80, \""n_returned\"": 80, \""centroids\"": [{\""precinct\"": 0, \""x\"": 1.6946323312062042, \""y\"": 2.835805324198845, \""voters\"": 595}, {\""precinct\"": 1, \""x\"": 2.796482412060302, \""y\"": 3.000628140703516, \""vo""}]",13.102,
4,contiguity_med_04,contiguity,med,identify,v2_no_markers,multimodal_full,openai_vlm_tools:gpt-5.4,"{""split_sites"":[{""index"":5,""reason"":""Site 5 appears in a south-central block and a separate east-bottom patch; assigned precincts {12,16,18,20,22,26,31,32} split into components {12,16,18,20,22,31,26} and {32} by adjacency.""},{""index"":19,""reason"":""Site 19’s color shows a main central-west region plus isolated north-central pieces near y≈6.6–7.1; assigned precincts {4,34,36,46,48,54,58,63} split into {4,34,46,48,54,58,63} and {36}.""},{""index"":28,""reason"":""Site 28 has a broad northeast pink area and a detached small patch around x≈6.5,y≈6.6; assigned precincts {39,40,41,42,45,49,67} split into {39,40,41,45,49,67} and {42}.""},{""index"":30,""reason"":""Site 30’s gray service area appears in the far northeast and a separate small top-right patch near x≈9.6,y≈8.0; assigned precincts {53,62,66,70} split into {53,62,66} and {70}.""},{""index"":32,""reason"":""Site 32 shows one right-central wedge and a detached southeast-bottom precinct; assigned precincts {23,27,73} split into {23,27} and {73} by adjacency.""},{""index"":35,""reason"":""Site 35’s pale-yellow area has a large east-central region and separate lower-right strip near x≈8.8,y≈2.8; assigned precincts {25,29,72} split into {25} and {29,72}.""}]}","{""split_sites"": [5, 19, 28, 30, 32, 35], ""reasons"": {""5"": ""Site 5 appears in a south-central block and a separate east-bottom patch; assigned precincts {12,16,18,20,22,26,31,32} split into components {12,16,18,20,22,31,26} and {32} by adjacency."", ""19"": ""Site 19\u2019s color shows a main central-west region plus isolated north-central pieces near y\u22486.6\u20137.1; assigned precincts {4,34,36,46,48,54,58,63} split into {4,34,46,48,54,58,63} and {36}."", ""28"": ""Site 28 has a broad northeast pink area and a detached small patch around x\u22486.5,y\u22486.6; assigned precincts {39,40,41,42,45,49,67} split into {39,40,41,45,49,67} and {42}."", ""30"": ""Site 30\u2019s gray service area appears in the far northeast and a separate small top-right patch near x\u22489.6,y\u22488.0; assigned precincts {53,62,66,70} split into {53,62,66} and {70}."", ""32"": ""Site 32 shows one right-central wedge and a detached southeast-bottom precinct; assigned precincts {23,27,73} split into {23,27} and {73} by adjacency."", ""35"": ""Site 35\u2019s pale-yellow area has a large east-central region and separate lower-right strip near x\u22488.8,y\u22482.8; assigned precincts {25,29,72} split into {25} and {29,72}.""}}",0.2857,"{""pred_size"": 6.0, ""truth_size"": 1.0, ""fp_count"": 5.0, ""fn_count"": 0.0, ""tp_count"": 1.0, ""precision"": 0.16666666666666666, ""recall"": 1.0}",4,"[{""name"": ""get_current_assignments"", ""arguments"": ""{}"", ""result_preview"": ""{\""n_precincts\"": 80, \""n_returned\"": 80, \""assignments\"": [{\""precinct\"": 0, \""x\"": 3.5626763956770118, \""y\"": 2.4175672884972847, \""voters\"": 593, \""assigned_site\"": 3, \""assigned_distance\"": 0.9049074817148139, \""wei""}, {""name"": ""get_precinct_adjacency"", ""arguments"": ""{}"", ""result_preview"": ""{\""n_precincts\"": 80, \""neighbors\"": [[2, 7, 8, 11, 15, 17, 79], [2, 3, 10, 11], [0, 1, 3, 7, 8, 11], [1, 2, 4, 7, 9, 10], [3, 7, 9, 17, 21, 48, 58], [6, 9, 10, 75, 78], [5, 10, 11, 74, 75, 77], [0, 2, 3,""}, {""name"": ""list_sites"", ""arguments"": ""{\""opened_only\"": true}"", ""result_preview"": ""[{\""index\"": 0, \""x\"": 1.217837601878607, \""y\"": 2.0521387118212817, \""type\"": \""school\"", \""capacity\"": 5000, \""opened\"": true, \""load\"": 1166}, {\""index\"": 3, \""x\"": 4.034636713779823, \""y\"": 1.6454850334235525, \""type\"": ""}, {""name"": ""get_precinct_centroids"", ""arguments"": ""{}"", ""result_preview"": ""{\""n_precincts\"": 80, \""n_returned\"": 80, \""centroids\"": [{\""precinct\"": 0, \""x\"": 3.5626763956770118, \""y\"": 2.4175672884972847, \""voters\"": 593}, {\""precinct\"": 1, \""x\"": 2.578384882157266, \""y\"": 2.5890013447519276, \""""}]",11.664,
5,contiguity_med_05,contiguity,med,identify,v2_no_markers,multimodal_full,openai_vlm_tools:gpt-5.4,"{""split_sites"":[{""index"":17,""reason"":""Same color appears as two top-left patches near (0.8,8.9) and (2.0,9.2); both queries returned site 17. Assigned precincts {49,57,60,77} split because 77 touches only 57/60 are separate from 49.""},{""index"":20,""reason"":""Pink top-right area splits into west-central patch near (6.6,8.7) and larger east patch near (7.9,8.4); both queries returned site 20. Adjacency shows precinct 45 isolated from {35,38,39,41,63}.""},{""index"":23,""reason"":""Gray area has separate north-central patches near (4.9,9.4) and (5.3,8.0); both queries returned site 23. Adjacency shows precinct 34 separated from component {37,62}.""}]}","{""split_sites"": [17, 20, 23], ""reasons"": {""17"": ""Same color appears as two top-left patches near (0.8,8.9) and (2.0,9.2); both queries returned site 17. Assigned precincts {49,57,60,77} split because 77 touches only 57/60 are separate from 49."", ""20"": ""Pink top-right area splits into west-central patch near (6.6,8.7) and larger east patch near (7.9,8.4); both queries returned site 20. Adjacency shows precinct 45 isolated from {35,38,39,41,63}."", ""23"": ""Gray area has separate north-central patches near (4.9,9.4) and (5.3,8.0); both queries returned site 23. Adjacency shows precinct 34 separated from component {37,62}.""}}",0.0000,"{""pred_size"": 3.0, ""truth_size"": 2.0, ""fp_count"": 3.0, ""fn_count"": 2.0, ""tp_count"": 0.0, ""precision"": 0.0, ""recall"": 0.0}",9,"[{""name"": ""list_sites"", ""arguments"": ""{\""opened_only\"": true}"", ""result_preview"": ""[{\""index\"": 0, \""x\"": 8.434760005752556, \""y\"": 1.9615251759623988, \""type\"": \""church\"", \""capacity\"": 3500, \""opened\"": true, \""load\"": 1767}, {\""index\"": 1, \""x\"": 4.87995266559852, \""y\"": 4.6, \""type\"": \""library\"", \""capa""}, {""name"": ""get_current_assignments"", ""arguments"": ""{}"", ""result_preview"": ""{\""n_precincts\"": 80, \""n_returned\"": 80, \""assignments\"": [{\""precinct\"": 0, \""x\"": 1.6751862762086291, \""y\"": 2.5571824640443594, \""voters\"": 284, \""assigned_site\"": 3, \""assigned_distance\"": 1.253452032606436, \""weig""}, {""name"": ""get_precinct_adjacency"", ""arguments"": ""{}"", ""result_preview"": ""{\""n_precincts\"": 80, \""neighbors\"": [[4, 9, 76], [5, 8, 9, 36, 40, 46, 76], [3, 4, 11, 15, 18, 75], [2, 6, 7, 11, 14, 15], [0, 2, 9, 11, 75, 76], [1, 6, 8, 14, 16, 36, 59], [3, 5, 7, 8, 9, 10, 14], [3, 6""}, {""name"": ""get_assigned_site_at"", ""arguments"": ""{\""x\"": 0.8, \""y\"": 8.9}"", ""result_preview"": ""{\""x\"": 0.8, \""y\"": 8.9, \""precinct_index\"": 77, \""assigned_site_index\"": 17, \""assigned_site_x\"": 1.792534414371661, \""assigned_site_y\"": 9.183221037977916}""}, {""name"": ""get_assigned_site_at"", ""arguments"": ""{\""x\"": 2.0, \""y\"": 9.2}"", ""result_preview"": ""{\""x\"": 2.0, \""y\"": 9.2, \""precinct_index\"": 60, \""assigned_site_index\"": 17, \""assigned_site_x\"": 1.792534414371661, \""assigned_site_y\"": 9.183221037977916}""}, {""name"": ""get_assigned_site_at"", ""arguments"": ""{\""x\"": 6.6, \""y\"": 8.7}"", ""result_preview"": ""{\""x\"":",16.231,
6,contiguity_med_06,contiguity,med,identify,v2_no_markers,multimodal_full,openai_vlm_tools:gpt-5.4,"{""split_sites"":[{""index"":0,""reason"":""Dark-blue area appears in two west-side patches, mid-left and southwest. get_assigned_site_at(0.5,3.5) and (0.5,1.1) both returned site 0; assigned precincts are disconnected by other colors.""},{""index"":23,""reason"":""Tan area splits into northwest and west-central patches. Assigned precinct groups in upper-left and around y≈7.6 are disconnected in adjacency, matching separated same-color regions on the map.""},{""index"":24,""reason"":""Magenta area splits into a top-center block and a smaller north-central patch near y≈7.8. Site 24 precincts form two adjacency components separated by brown/lavender regions.""},{""index"":29,""reason"":""Gray area splits into northeast and east-central patches. Site 29 has disconnected assigned precinct groups around (8.3,7.4) and (9.3,8.9), with orange between them.""},{""index"":31,""reason"":""Olive/yellow-green appears in a small central-south patch and a large southeast corner patch. get_assigned_site_at(8.2,0.8) confirmed the southeast patch is site 31; adjacency shows it disconnected from precinct 13.""},{""index"":33,""reason"":""Pale yellow area splits into a west-central strip and southwest corner. get_assigned_site_at(1.1,0.5) confirmed the southwest patch is site 33; its precincts are disconnected from the upper patch.""},{""index"":39,""reason"":""Light cyan area splits into a broad south-central patch and a tiny central island near (4.6,0.7). get_assigned_site_at(4.6,0.7) and (2.8,0.4) both returned site 39; components are","{""split_sites"": [0, 23, 24, 29, 31, 33, 39], ""reasons"": {""0"": ""Dark-blue area appears in two west-side patches, mid-left and southwest. get_assigned_site_at(0.5,3.5) and (0.5,1.1) both returned site 0; assigned precincts are disconnected by other colors."", ""23"": ""Tan area splits into northwest and west-central patches. Assigned precinct groups in upper-left and around y\u22487.6 are disconnected in adjacency, matching separated same-color regions on the map."", ""24"": ""Magenta area splits into a top-center block and a smaller north-central patch near y\u22487.8. Site 24 precincts form two adjacency components separated by brown/lavender regions."", ""29"": ""Gray area splits into northeast and east-central patches. Site 29 has disconnected assigned precinct groups around (8.3,7.4) and (9.3,8.9), with orange between them."", ""31"": ""Olive/yellow-green appears in a small central-south patch and a large southeast corner patch. get_assigned_site_at(8.2,0.8) confirmed the southeast patch is site 31; adjacency shows it disconnected from precinct 13."", ""33"": ""Pale yellow area splits into a west-central strip and southwest corner. get_assigned_site_at(1.1,0.5) confirmed the southwest patch is site 33; its precincts are disconnected from the upper patch."", ""39"": ""Light cyan area splits into a broad south-central patch and a tiny central island near (4.6,0.7). get_assigned_site_at(4.6,0.7) and (2.8,0.4) both returned site 39; components are disconnected.""}}",0.2500,"{""pred_size"": 7.0, ""truth_size"": 1.0, ""fp_count"": 6.0, ""fn_count"": 0.0, ""tp_count"": 1.0, ""precision"": 0.14285714285714285, ""recall"": 1.0}",10,"[{""name"": ""list_sites"", ""arguments"": ""{\""opened_only\"": true}"", ""result_preview"": ""[{\""index\"": 0, \""x\"": 0.5445404196726867, \""y\"": 3.5639460672833, \""type\"": \""church\"", \""capacity\"": 3500, \""opened\"": true, \""load\"": 1744}, {\""index\"": 1, \""x\"": 3.9410322367077137, \""y\"": 3.2770756638197343, \""type\"": \""""}, {""name"": ""get_current_assignments"", ""arguments"": ""{}"", ""result_preview"": ""{\""n_precincts\"": 80, \""n_returned\"": 80, \""assignments\"": [{\""precinct\"": 0, \""x\"": 2.665584868788387, \""y\"": 2.3488972640982726, \""voters\"": 608, \""assigned_site\"": 1, \""assigned_distance\"": 1.5774286449921695, \""weig""}, {""name"": ""get_precinct_adjacency"", ""arguments"": ""{}"", ""result_preview"": ""{\""n_precincts\"": 80, \""neighbors\"": [[1, 5, 7, 10, 11, 18, 70], [0, 4, 5, 8, 10, 74], [3, 7, 20, 21, 31, 35, 46, 53], [2, 6, 7, 9, 46], [1, 5, 6, 7, 8], [0, 1, 4, 7], [3, 4, 7, 8, 9], [0, 2, 3, 4, 5, 6, ""}, {""name"": ""get_precinct_centroids"", ""arguments"": ""{}"", ""result_preview"": ""{\""n_precincts\"": 80, \""n_returned\"": 80, \""centroids\"": [{\""precinct\"": 0, \""x\"": 2.665584868788387, \""y\"": 2.3488972640982726, \""voters\"": 608}, {\""precinct\"": 1, \""x\"": 1.5830079766864065, \""y\"": 2.5183538510395866, \""""}, {""name"": ""get_assigned_site_at"", ""arguments"": ""{\""x\"": 0.5, \""y\"": 3.5}"", ""result_preview"": ""{\""x\"": 0.5, \""y\"": 3.5, \""precinct_index\"": 71, \""assigned_site_index\"": 0, \""assigned_site_x\"": 0.5445404196726867, \""assigned_site_y\"": 3.5639460672833}""}, {""name"": ""get_assigned_site_at"", ""arguments"": ""{\""x\"": 0.5, ",20.264,
7,contiguity_med_07,contiguity,med,identify,v2_no_markers,multimodal_full,openai_vlm_tools:gpt-5.4,"{""split_sites"":[{""index"":37,""reason"":""Light-yellow area appears in two east-side patches: mid-east around (8.7,4.0) and southeast around (9.2,1.0). get_assigned_site_at(9.2,1.0)->37; adjacency shows site 37 precincts split by sites 5/39.""}]}","{""split_sites"": [37], ""reasons"": {""37"": ""Light-yellow area appears in two east-side patches: mid-east around (8.7,4.0) and southeast around (9.2,1.0). get_assigned_site_at(9.2,1.0)->37; adjacency shows site 37 precincts split by sites 5/39.""}}",0.0000,"{""pred_size"": 1.0, ""truth_size"": 1.0, ""fp_count"": 1.0, ""fn_count"": 1.0, ""tp_count"": 0.0, ""precision"": 0.0, ""recall"": 0.0}",5,"[{""name"": ""get_current_assignments"", ""arguments"": ""{}"", ""result_preview"": ""{\""n_precincts\"": 80, \""n_returned\"": 80, \""assignments\"": [{\""precinct\"": 0, \""x\"": 2.156250508204456, \""y\"": 2.731456635930461, \""voters\"": 699, \""assigned_site\"": 4, \""assigned_distance\"": 0.3537805596376913, \""weigh""}, {""name"": ""get_precinct_adjacency"", ""arguments"": ""{}"", ""result_preview"": ""{\""n_precincts\"": 80, \""neighbors\"": [[4, 5, 8, 9, 14], [2, 5, 9, 44, 63, 73], [1, 5, 73, 77], [6, 7, 8, 9, 10, 35, 44], [0, 5, 11, 14, 70, 74, 75, 76], [0, 1, 2, 4, 9, 70, 77], [3, 7, 8, 14], [3, 6, 10, ""}, {""name"": ""list_sites"", ""arguments"": ""{\""opened_only\"": true}"", ""result_preview"": ""[{\""index\"": 2, \""x\"": 0.5696333348837019, \""y\"": 1.207229999557637, \""type\"": \""library\"", \""capacity\"": 3000, \""opened\"": true, \""load\"": 2164}, {\""index\"": 4, \""x\"": 2.2075920324032348, \""y\"": 3.081491965962308, \""type\"":""}, {""name"": ""get_precinct_centroids"", ""arguments"": ""{}"", ""result_preview"": ""{\""n_precincts\"": 80, \""n_returned\"": 80, \""centroids\"": [{\""precinct\"": 0, \""x\"": 2.156250508204456, \""y\"": 2.731456635930461, \""voters\"": 699}, {\""precinct\"": 1, \""x\"": 1.6010797229390215, \""y\"": 4.417696591063431, \""vo""}, {""name"": ""get_assigned_site_at"", ""arguments"": ""{\""x\"":9.2,\""y\"":1.0}"", ""result_preview"": ""{\""x\"": 9.2, \""y\"": 1.0, \""precinct_index\"": 72, \""assigned_site_index\"": 37, \""assigned_site_x\"": 8.884310601745684, \""assigned_site_y\"": 3.7405744796478393}""}]",12.561,
8,contiguity_med_08,contiguity,med,identify,v2_no_markers,multimodal_full,openai_vlm_tools:gpt-5.4,"{""split_sites"":[{""index"":1,""reason"":""Site 1 has southwest precincts near (1.5,0.4)/(1.2,1.6) and isolated east-central precinct 18 near (4.6,2.5); adjacency shows 18 touches no site-1 precincts.""},{""index"":6,""reason"":""Site 6 covers west-central precincts near (2.5,4.3),(2.1,5.6),(1.4,5.4) plus detached precinct 10 near (3.0,2.9); adjacency shows 10 has no site-6 neighbor.""},{""index"":16,""reason"":""Site 16 has a northeast cluster near (8.2,7.1),(9.2,7.6),(9.1,6.4),(8.4,8.0),(9.6,8.3) and isolated top-right precinct 49 near (9.2,7.6); adjacency shows 49 only borders non-16 precincts.""},{""index"":26,""reason"":""Site 26 forms central-north precincts near (4.5,7.4),(5.1,8.1),(5.5,7.1),(4.9,9.4) plus detached precinct 52 near (6.3,7.7); adjacency shows 52 has no site-26 neighbor.""},{""index"":35,""reason"":""Site 35 appears in a southeast strip near (9.2,2.8),(9.6,1.4) and separate bottom-right patches near (9.0,0.9),(9.6,0.3); adjacency splits precincts {32,79} from {75,77}.""},{""index"":38,""reason"":""Site 38 has northwest precincts near (0.6,6.8),(1.6,7.8),(0.7,9.2),(0.4,7.6),(1.4,7.0) and detached precinct 48 near (2.3,7.2); adjacency shows 48 lacks site-38 neighbors.""}]}","{""split_sites"": [1, 6, 16, 26, 35, 38], ""reasons"": {""1"": ""Site 1 has southwest precincts near (1.5,0.4)/(1.2,1.6) and isolated east-central precinct 18 near (4.6,2.5); adjacency shows 18 touches no site-1 precincts."", ""6"": ""Site 6 covers west-central precincts near (2.5,4.3),(2.1,5.6),(1.4,5.4) plus detached precinct 10 near (3.0,2.9); adjacency shows 10 has no site-6 neighbor."", ""16"": ""Site 16 has a northeast cluster near (8.2,7.1),(9.2,7.6),(9.1,6.4),(8.4,8.0),(9.6,8.3) and isolated top-right precinct 49 near (9.2,7.6); adjacency shows 49 only borders non-16 precincts."", ""26"": ""Site 26 forms central-north precincts near (4.5,7.4),(5.1,8.1),(5.5,7.1),(4.9,9.4) plus detached precinct 52 near (6.3,7.7); adjacency shows 52 has no site-26 neighbor."", ""35"": ""Site 35 appears in a southeast strip near (9.2,2.8),(9.6,1.4) and separate bottom-right patches near (9.0,0.9),(9.6,0.3); adjacency splits precincts {32,79} from {75,77}."", ""38"": ""Site 38 has northwest precincts near (0.6,6.8),(1.6,7.8),(0.7,9.2),(0.4,7.6),(1.4,7.0) and detached precinct 48 near (2.3,7.2); adjacency shows 48 lacks site-38 neighbors.""}}",0.2500,"{""pred_size"": 6.0, ""truth_size"": 2.0, ""fp_count"": 5.0, ""fn_count"": 1.0, ""tp_count"": 1.0, ""precision"": 0.16666666666666666, ""recall"": 0.5}",4,"[{""name"": ""get_current_assignments"", ""arguments"": ""{}"", ""result_preview"": ""{\""n_precincts\"": 80, \""n_returned\"": 80, \""assignments\"": [{\""precinct\"": 0, \""x\"": 2.5417860478117498, \""y\"": 4.341873717512997, \""voters\"": 1630, \""assigned_site\"": 6, \""assigned_distance\"": 0.454220614859534, \""weig""}, {""name"": ""get_precinct_adjacency"", ""arguments"": ""{}"", ""result_preview"": ""{\""n_precincts\"": 80, \""neighbors\"": [[3, 6, 10, 17, 34, 63, 71], [2, 11, 15, 16, 17, 18], [1, 4, 5, 10, 11, 17], [0, 4, 7, 9, 10], [2, 3, 5, 7, 8, 10], [2, 4, 8, 11, 69], [0, 34, 36, 47, 63, 78], [3, 4, ""}, {""name"": ""list_sites"", ""arguments"": ""{\""opened_only\"": true}"", ""result_preview"": ""[{\""index\"": 0, \""x\"": 7.544666406361918, \""y\"": 2.305591507896583, \""type\"": \""community_center\"", \""capacity\"": 4000, \""opened\"": true, \""load\"": 3990}, {\""index\"": 1, \""x\"": 2.2140579392152278, \""y\"": 0.7569812164105791""}, {""name"": ""get_precinct_centroids"", ""arguments"": ""{}"", ""result_preview"": ""{\""n_precincts\"": 80, \""n_returned\"": 80, \""centroids\"": [{\""precinct\"": 0, \""x\"": 2.5417860478117498, \""y\"": 4.341873717512997, \""voters\"": 1630}, {\""precinct\"": 1, \""x\"": 4.0690176546449095, \""y\"": 2.3337928580957885, ""}]",12.557,
9,contiguity_med_09,contiguity,med,identify,v2_no_markers,multimodal_full,openai_vlm_tools:gpt-5.4,"{""split_sites"":[{""index"":18,""reason"":""Same color appears in a central-east patch (~8.3,6.8) and a separate far northeast patch (~9.3,8.0), with site-15 area between; assignments confirm both belong to 18.""}]}","{""split_sites"": [18], ""reasons"": {""18"": ""Same color appears in a central-east patch (~8.3,6.8) and a separate far northeast patch (~9.3,8.0), with site-15 area between; assignments confirm both belong to 18.""}}",0.0000,"{""pred_size"": 1.0, ""truth_size"": 2.0, ""fp_count"": 1.0, ""fn_count"": 2.0, ""tp_count"": 0.0, ""precision"": 0.0, ""recall"": 0.0}",4,"[{""name"": ""list_sites"", ""arguments"": ""{\""opened_only\"": true}"", ""result_preview"": ""[{\""index\"": 0, \""x\"": 7.802219905486168, \""y\"": 3.824327159580937, \""type\"": \""library\"", \""capacity\"": 3000, \""opened\"": true, \""load\"": 2781}, {\""index\"": 2, \""x\"": 5.694191102795867, \""y\"": 1.0715304303235784, \""type\"": ""}, {""name"": ""get_current_assignments"", ""arguments"": ""{}"", ""result_preview"": ""{\""n_precincts\"": 80, \""n_returned\"": 80, \""assignments\"": [{\""precinct\"": 0, \""x\"": 3.2896188258364916, \""y\"": 4.64710311137566, \""voters\"": 1320, \""assigned_site\"": 6, \""assigned_distance\"": 0.056886415380842034, \""we""}, {""name"": ""get_precinct_adjacency"", ""arguments"": ""{}"", ""result_preview"": ""{\""n_precincts\"": 80, \""neighbors\"": [[1, 6, 7, 9, 21, 22, 43, 52, 63], [0, 3, 7, 8, 21], [3, 4, 5, 6, 7, 9, 11, 76], [1, 2, 7, 8, 11], [2, 10, 11, 76], [2, 9, 74, 76], [0, 2, 7, 9], [0, 1, 2, 3, 6], [1, ""}, {""name"": ""get_precinct_centroids"", ""arguments"": ""{}"", ""result_preview"": ""{\""n_precincts\"": 80, \""n_returned\"": 80, \""centroids\"": [{\""precinct\"": 0, \""x\"": 3.2896188258364916, \""y\"": 4.64710311137566, \""voters\"": 1320}, {\""precinct\"": 1, \""x\"": 3.3153977434341546, \""y\"": 3.5661799563856933, \""""}]",7.333,
10,contiguity_med_10,contiguity,med,identify,v2_no_markers,multimodal_full,openai_vlm_tools:gpt-5.4,"{""split_sites"":[{""index"":21,""reason"":""Site 21 has a main northwest block (precincts 36,38,49,51,53,62,73) plus isolated precinct 5 around (2.2,4.8), disconnected by site-33/11 areas.""},{""index"":23,""reason"":""Site 23 has a north-central block (39,40,42,45,48,50,54,59,61,63,64) and isolated precinct 41 near (6.7,5.5), separated by site-8 and site-29 areas.""},{""index"":33,""reason"":""Site 33 has west-central precincts 5,47,76,78 and isolated precinct 37 near (3.4,6.2); query at (0.5,6.1) confirmed west patch is site 33.""},{""index"":38,""reason"":""Site 38 has a south-central block (7,15,18,20,21) and isolated precinct 13 near (5.2,2.1), cut off by site-2 and site-8 precincts.""}]}","{""split_sites"": [21, 23, 33, 38], ""reasons"": {""21"": ""Site 21 has a main northwest block (precincts 36,38,49,51,53,62,73) plus isolated precinct 5 around (2.2,4.8), disconnected by site-33/11 areas."", ""23"": ""Site 23 has a north-central block (39,40,42,45,48,50,54,59,61,63,64) and isolated precinct 41 near (6.7,5.5), separated by site-8 and site-29 areas."", ""33"": ""Site 33 has west-central precincts 5,47,76,78 and isolated precinct 37 near (3.4,6.2); query at (0.5,6.1) confirmed west patch is site 33."", ""38"": ""Site 38 has a south-central block (7,15,18,20,21) and isolated precinct 13 near (5.2,2.1), cut off by site-2 and site-8 precincts.""}}",0.0000,"{""pred_size"": 4.0, ""truth_size"": 1.0, ""fp_count"": 4.0, ""fn_count"": 1.0, ""tp_count"": 0.0, ""precision"": 0.0, ""recall"": 0.0}",5,"[{""name"": ""get_current_assignments"", ""arguments"": ""{}"", ""result_preview"": ""{\""n_precincts\"": 80, \""n_returned\"": 80, \""assignments\"": [{\""precinct\"": 0, \""x\"": 3.1132534921302484, \""y\"": 4.191663161623084, \""voters\"": 930, \""assigned_site\"": 2, \""assigned_distance\"": 0.7405794313602116, \""weig""}, {""name"": ""get_precinct_adjacency"", ""arguments"": ""{}"", ""result_preview"": ""{\""n_precincts\"": 80, \""neighbors\"": [[2, 4, 5, 6, 8, 9, 56], [9, 10, 68, 72, 74, 76], [0, 5, 9], [6, 7, 8, 11], [0, 8, 9, 10, 11], [0, 2, 9, 37, 47, 56, 76], [0, 3, 7, 8, 12, 56], [3, 6, 11, 14, 15, 18, ""}, {""name"": ""list_sites"", ""arguments"": ""{\""opened_only\"": true}"", ""result_preview"": ""[{\""index\"": 0, \""x\"": 9.7, \""y\"": 2.2953812160350635, \""type\"": \""library\"", \""capacity\"": 3000, \""opened\"": true, \""load\"": 2214}, {\""index\"": 1, \""x\"": 2.199147270499978, \""y\"": 2.8857816338846516, \""type\"": \""church\"", \""ca""}, {""name"": ""get_precinct_centroids"", ""arguments"": ""{}"", ""result_preview"": ""{\""n_precincts\"": 80, \""n_returned\"": 80, \""centroids\"": [{\""precinct\"": 0, \""x\"": 3.1132534921302484, \""y\"": 4.191663161623084, \""voters\"": 930}, {\""precinct\"": 1, \""x\"": 1.5953744130488487, \""y\"": 2.6095642145151894, \""""}, {""name"": ""get_assigned_site_at"", ""arguments"": ""{\""x\"":0.5,\""y\"":6.1}"", ""result_preview"": ""{\""x\"": 0.5, \""y\"": 6.1, \""precinct_index\"": 78, \""assigned_site_index\"": 33, \""assigned_site_x\"": 1.2905342967030167, \""assigned_site_y\"": 5.042352891780741}""}]",16.297,
11,contiguity_med_11,contiguity,med,identify,v2_no_markers,multimodal_full,openai_vlm_tools:gpt-5.4,"
{""split_sites"":[{""index"":32,""reason"":""Same color appears in a large east-side strip (around x=8.4–9.8, y=1.9–5.0) and a separate bottom-right patch near (9.6,0.75); assignments show precincts 24/26/67/76/79 with 67 isolated from the others.""}]}","{""split_sites"": [32], ""reasons"": {""32"": ""Same color appears in a large east-side strip (around x=8.4\u20139.8, y=1.9\u20135.0) and a separate bottom-right patch near (9.6,0.75); assignments show precincts 24/26/67/76/79 with 67 isolated from the others.""}}",0.0000,"{""pred_size"": 1.0, ""truth_size"": 1.0, ""fp_count"": 1.0, ""fn_count"": 1.0, ""tp_count"": 0.0, ""precision"": 0.0, ""recall"": 0.0}",3,"[{""name"": ""list_sites"", ""arguments"": ""{\""opened_only\"": true}"", ""result_preview"": ""[{\""index\"": 0, \""x\"": 7.159977782466821, \""y\"": 1.0365826961956992, \""type\"": \""church\"", \""capacity\"": 3500, \""opened\"": true, \""load\"": 2473}, {\""index\"": 1, \""x\"": 7.121105332075199, \""y\"": 3.617840296214922, \""type\"": \""""}, {""name"": ""get_precinct_adjacency"", ""arguments"": ""{}"", ""result_preview"": ""{\""n_precincts\"": 80, \""neighbors\"": [[3, 6, 7, 54, 69, 72], [4, 7, 10, 13, 20, 33, 48, 57], [8, 9, 10, 12, 14, 70], [0, 4, 5, 6, 7, 11], [1, 3, 5, 7, 9, 10], [3, 4, 6, 8, 9, 11, 69, 71], [0, 3, 5, 11, 69""}, {""name"": ""get_current_assignments"", ""arguments"": ""{}"", ""result_preview"": ""{\""n_precincts\"": 80, \""n_returned\"": 80, \""assignments\"": [{\""precinct\"": 0, \""x\"": 1.8377269176509008, \""y\"": 3.838449789550997, \""voters\"": 839, \""assigned_site\"": 3, \""assigned_distance\"": 0.8316416720582563, \""weig""}]",9.023,
12,contiguity_med_12,contiguity,med,identify,v2_no_markers,multimodal_full,openai_vlm_tools:gpt-5.4,"
{""split_sites"":[{""index"":39,""reason"":""Site 39 appears in a large southwest patch and a separate tiny south patch near x≈1.5,y≈0.3; assignments show precincts 68/74/4 vs 73, disconnected in adjacency.""},{""index"":4,""reason"":""Site 4 has central orange area plus isolated small pocket near x≈2.8,y≈3.0. Assignments put precinct 1 with site 4, but its neighbors are sites 39/26, separating it from precincts 2/7/12/14/20/22.""},{""index"":30,""reason"":""Site 30 shows a central magenta block and separate northern patch around x≈5.9,y≈7.7. Assignments give precincts 43/44/47/61/63 and isolated 54; adjacency shows 54 touches no other site-30 precinct.""}]}","{""split_sites"": [4, 30, 39], ""reasons"": {""39"": ""Site 39 appears in a large southwest patch and a separate tiny south patch near x\u22481.5,y\u22480.3; assignments show precincts 68/74/4 vs 73, disconnected in adjacency."", ""4"": ""Site 4 has central orange area plus isolated small pocket near x\u22482.8,y\u22483.0. Assignments put precinct 1 with site 4, but its neighbors are sites 39/26, separating it from precincts 2/7/12/14/20/22."", ""30"": ""Site 30 shows a central magenta block and separate northern patch around x\u22485.9,y\u22487.7. Assignments give precincts 43/44/47/61/63 and isolated 54; adjacency shows 54 touches no other site-30 precinct.""}}",0.0000,"{""pred_size"": 3.0, ""truth_size"": 2.0, ""fp_count"": 3.0, ""fn_count"": 2.0, ""tp_count"": 0.0, ""precision"": 0.0, ""recall"": 0.0}",3,"[{""name"": ""list_sites"", ""arguments"": ""{\""opened_only\"": true}"", ""result_preview"": ""[{\""index\"": 0, \""x\"": 6.565725897541236, \""y\"": 3.428251594437983, \""type\"": \""school\"", \""capacity\"": 5000, \""opened\"": true, \""load\"": 4953}, {\""index\"": 1, \""x\"": 4.536870186949864, \""y\"": 1.3221014518867447, \""type\"": \""""}, {""name"": ""get_precinct_adjacency"", ""arguments"": ""{}"", ""result_preview"": ""{\""n_precincts\"": 80, \""neighbors\"": [[1, 3, 5, 7, 10, 11], [0, 2, 6, 7, 10], [1, 6, 7, 8, 9, 14], [0, 4, 5, 10, 74], [3, 6, 10, 68, 74], [0, 3, 11, 70, 74, 78], [1, 2, 4, 8, 10, 34, 39], [0, 1, 2, 11, 14""}, {""name"": ""get_current_assignments"", ""arguments"": ""{}"", ""result_preview"": ""{\""n_precincts\"": 80, \""n_returned\"": 80, \""assignments\"": [{\""precinct\"": 0, \""x\"": 2.7741884023291057, \""y\"": 2.207465900933239, \""voters\"": 241, \""assigned_site\"": 39, \""assigned_distance\"": 1.9671542039485963, \""wei""}]",9.778,
13,contiguity_med_13,contiguity,med,identify,v2_no_markers,multimodal_full,openai_vlm_tools:gpt-5.4,"
{""split_sites"":[{""index"":0,""reason"":""Site 0’s color appears in two disconnected central patches near (4.0,2.3) and (5.2,3.9); assigned precincts {15,18} and {16} are separated, with no same-site adjacency.""},{""index"":5,""reason"":""Site 5 has separated east-side patches: south/east around (9.2,2.3–3.5) and a small mid-right patch near (9.7,4.7); precinct 68 is isolated from 29/31/72/78 by other colors.""},{""index"":17,""reason"":""Site 17 shows two northwest patches: upper-left near (0.8,9.1)/(2.0,9.3) and another near (2.3,7.9); precinct 36 is disconnected from 39 and 40.""},{""index"":24,""reason"":""Site 24’s tan area splits into a main northeast-central block and a tiny far-right patch near (9.7,5.9); precinct 75 is isolated from 34/41/45/49/57/59/60/70/71.""},{""index"":29,""reason"":""Site 29 has a top-center patch near (3.0–4.7,8.4–9.5) plus an isolated upper-middle cell near (4.7,9.2); precinct 64 is disconnected from 35/53/63.""},{""index"":30,""reason"":""Site 30’s light-gray region appears as two separated central/north patches near (5.9,5.6–7.1) and (6.0,8.0); precinct 48 is isolated from 42/56/65.""},{""index"":31,""reason"":""Site 31’s yellow-green area splits on the west side: one patch near (0.5,3.7)/(1.7,4.3) and another small patch near (1.0,5.3); precinct 79 is disconnected from 4 and 8.""},{""index"":39,""reason"":""Site 39’s light-blue service area is broken into a south-central patch near (3.1–5.2,0.9–1.8) and a small cell near (4.7,2.8); precinct 19 is isolated from 5/13/14/21.""}]}","{""split_sites"": [0, 5, 17, 24, 29, 30, 31, 39], ""reasons"": {""0"": ""Site 0\u2019s color appears in two disconnected central patches near (4.0,2.3) and (5.2,3.9); assigned precincts {15,18} and {16} are separated, with no same-site adjacency."", ""5"": ""Site 5 has separated east-side patches: south/east around (9.2,2.3\u20133.5) and a small mid-right patch near (9.7,4.7); precinct 68 is isolated from 29/31/72/78 by other colors."", ""17"": ""Site 17 shows two northwest patches: upper-left near (0.8,9.1)/(2.0,9.3) and another near (2.3,7.9); precinct 36 is disconnected from 39 and 40."", ""24"": ""Site 24\u2019s tan area splits into a main northeast-central block and a tiny far-right patch near (9.7,5.9); precinct 75 is isolated from 34/41/45/49/57/59/60/70/71."", ""29"": ""Site 29 has a top-center patch near (3.0\u20134.7,8.4\u20139.5) plus an isolated upper-middle cell near (4.7,9.2); precinct 64 is disconnected from 35/53/63."", ""30"": ""Site 30\u2019s light-gray region appears as two separated central/north patches near (5.9,5.6\u20137.1) and (6.0,8.0); precinct 48 is isolated from 42/56/65."", ""31"": ""Site 31\u2019s yellow-green area splits on the west side: one patch near (0.5,3.7)/(1.7,4.3) and another small patch near (1.0,5.3); precinct 79 is disconnected from 4 and 8."", ""39"": ""Site 39\u2019s light-blue service area is broken into a south-central patch near (3.1\u20135.2,0.9\u20131.8) and a small cell near (4.7,2.8); precinct 19 is isolated from 5/13/14/21.""}}",0.3636,"{""pred_size"": 8.0, ""truth_size"": 3.0, ""fp_count"": 6.0, ""fn_count"": 1.0, ""tp_count"": 2.0, ""precision"": 0.25, ""recall"": 0.6666666666666666}",3,"[{""name"": ""list_sites"", ""arguments"": ""{\""opened_only\"": true}"", ""result_preview"": ""[{\""index\"": 0, \""x\"": 4.032698487051205, \""y\"": 2.2561198950140056, \""type\"": \""library\"", \""capacity\"": 3000, \""opened\"": true, \""load\"": 2814}, {\""index\"": 1, \""x\"": 6.161235507038261, \""y\"": 1.7322177955548965, \""type\"":""}, {""name"": ""get_precinct_adjacency"", ""arguments"": ""{}"", ""result_preview"": ""{\""n_precincts\"": 80, \""neighbors\"": [[2, 6, 8, 10, 38, 61, 79], [9, 10, 11, 12, 15, 16], [0, 6, 7, 8], [5, 6, 7, 9, 11, 74, 76], [7, 8, 76, 79], [3, 11, 13, 14, 15, 74], [0, 2, 3, 7, 9, 10], [2, 3, 4, 6,""}, {""name"": ""get_current_assignments"", ""arguments"": ""{}"", ""result_preview"": ""{\""n_precincts\"": 80, \""n_returned\"": 80, \""assignments\"": [{\""precinct\"": 0, \""x\"": 2.596365058827074, \""y\"": 4.502753287395072, \""voters\"": 752, \""assigned_site\"": 8, \""assigned_distance\"": 0.11544410322952878, \""weig""}]",12.991,
14,contiguity_med_14,contiguity,med,identify,v2_no_markers,multimodal_full,openai_vlm_tools:gpt-5.4,"{""split_sites"":[{""index"":11,""reason"":""Same color appears in east-central patch (~7.7,6.1–8.8,8.0) and separate NE patch (~9.4,7.1). Assignment data show precinct 40 isolated from 34,49,51,53,56.""},{""index"":21,""reason"":""Same color shows NW/top-left patch (~0.9–3.5,8.0–9.5) plus small island near (~2.7,7.6). Assignments place precinct 39 with site 21, but its neighbors are non-21 precincts.""},{""index"":23,""reason"":""Same color covers west-mid area (~0.6–2.8,5.3–7.5) and separate small patch near (~3.3,6.3). Assignments show precinct 35 to site 23, disconnected from other site-23 precincts.""}]}","{""split_sites"": [11, 21, 23], ""reasons"": {""11"": ""Same color appears in east-central patch (~7.7,6.1\u20138.8,8.0) and separate NE patch (~9.4,7.1). Assignment data show precinct 40 isolated from 34,49,51,53,56."", ""21"": ""Same color shows NW/top-left patch (~0.9\u20133.5,8.0\u20139.5) plus small island near (~2.7,7.6). Assignments place precinct 39 with site 21, but its neighbors are non-21 precincts."", ""23"": ""Same color covers west-mid area (~0.6\u20132.8,5.3\u20137.5) and separate small patch near (~3.3,6.3). Assignments show precinct 35 to site 23, disconnected from other site-23 precincts.""}}",0.0000,"{""pred_size"": 3.0, ""truth_size"": 1.0, ""fp_count"": 3.0, ""fn_count"": 1.0, ""tp_count"": 0.0, ""precision"": 0.0, ""recall"": 0.0}",4,"[{""name"": ""get_current_assignments"", ""arguments"": ""{}"", ""result_preview"": ""{\""n_precincts\"": 80, \""n_returned\"": 80, \""assignments\"": [{\""precinct\"": 0, \""x\"": 0.9620141875759596, \""y\"": 1.8558487118267235, \""voters\"": 675, \""assigned_site\"": 3, \""assigned_distance\"": 2.045753184649759, \""weig""}, {""name"": ""get_precinct_adjacency"", ""arguments"": ""{}"", ""result_preview"": ""{\""n_precincts\"": 80, \""neighbors\"": [[4, 5, 76, 77, 79], [3, 9, 10, 11], [3, 4, 5, 7, 10, 70, 73, 79], [1, 2, 10, 11, 21, 73], [0, 2, 5, 7, 8, 76], [0, 2, 4, 79], [9, 11, 19, 20, 50, 61], [2, 4, 8, 10], ""}, {""name"": ""list_sites"", ""arguments"": ""{\""opened_only\"": true}"", ""result_preview"": ""[{\""index\"": 0, \""x\"": 2.8118797863558784, \""y\"": 0.7103885491177147, \""type\"": \""library\"", \""capacity\"": 3000, \""opened\"": true, \""load\"": 2754}, {\""index\"": 2, \""x\"": 4.079888212529083, \""y\"": 3.5502045169947496, \""type\""""}, {""name"": ""get_precinct_centroids"", ""arguments"": ""{}"", ""result_preview"": ""{\""n_precincts\"": 80, \""n_returned\"": 80, \""centroids\"": [{\""precinct\"": 0, \""x\"": 0.9620141875759596, \""y\"": 1.8558487118267235, \""voters\"": 675}, {\""precinct\"": 1, \""x\"": 2.7291151892056944, \""y\"": 3.2530053582831244, ""}]",8.255,
